week,platform,total_volume,total_transactions,unique_fa2_address,unique_buyers_wallets,unique_sellers_wallets,unique_artists_wallets
2021-03-01 08:00:00+00:00,HEN,13231.40792,1415,1,462,359,0
2021-03-08 08:00:00+00:00,HEN,24775.04816,3851,1,1193,997,0
2021-03-15 07:00:00+00:00,HEN,41597.52403,5844,1,1474,1318,0
2021-03-22 07:00:00+00:00,HEN,54901.48969,8800,1,2391,2171,0
2021-03-22 07:00:00+00:00,KALAMINT,19334.5911,303,1,108,82,0
2021-03-29 07:00:00+00:00,HEN,188173.5625,13841,1,3367,3133,0
2021-03-29 07:00:00+00:00,KALAMINT,1784.3525,212,1,79,81,0
2021-04-05 07:00:00+00:00,HEN,243020.646,15333,1,3861,3598,0
2021-04-05 07:00:00+00:00,KALAMINT,1758.6629,97,1,49,39,0
2021-04-12 07:00:00+00:00,HEN,108921.7093,17108,1,5021,4099,0
2021-04-12 07:00:00+00:00,KALAMINT,601.79,57,1,44,39,0
2021-04-19 07:00:00+00:00,HEN,94119.86414,26539,1,7167,6101,0
2021-04-19 07:00:00+00:00,KALAMINT,3112.0607,159,1,99,76,0
2021-04-26 07:00:00+00:00,HEN,126864.9977,40044,1,9450,7806,0
2021-04-26 07:00:00+00:00,KALAMINT,2255.2451,128,1,82,59,0
2021-05-03 07:00:00+00:00,HEN,103596.7201,38675,1,9969,7988,0
2021-05-03 07:00:00+00:00,KALAMINT,8979.32,115,1,65,65,0
2021-05-10 07:00:00+00:00,HEN,90798.53133,38463,1,10793,8838,0
2021-05-10 07:00:00+00:00,KALAMINT,4738.98,58,1,44,42,0
2021-05-17 07:00:00+00:00,HEN,138586.6752,43308,1,11567,10221,0
2021-05-17 07:00:00+00:00,KALAMINT,5716.8591,104,1,64,60,0
2021-05-24 07:00:00+00:00,HEN,214939.2487,59083,1,12473,11690,0
2021-05-24 07:00:00+00:00,KALAMINT,9280.928,104,1,69,59,0
2021-05-31 07:00:00+00:00,HEN,223028.0666,49483,1,12622,11165,0
2021-05-31 07:00:00+00:00,KALAMINT,11678.085,87,1,71,61,0
2021-06-07 07:00:00+00:00,HEN,218476.6393,92110,1,15711,12889,0
2021-06-07 07:00:00+00:00,KALAMINT,7886.497,117,1,63,66,0
2021-06-14 07:00:00+00:00,HEN,248361.5052,92827,1,16138,12346,0
2021-06-14 07:00:00+00:00,KALAMINT,1169.302,36,1,28,29,0
2021-06-21 07:00:00+00:00,HEN,174885.1665,40130,1,10831,9584,0
2021-06-21 07:00:00+00:00,KALAMINT,23690.023,137,1,76,79,0
2021-06-28 07:00:00+00:00,HEN,23151.258,3462,1,1627,1261,654
2021-06-28 07:00:00+00:00,KALAMINT,8335.761,565,1,242,211,0
2021-07-05 07:00:00+00:00,HEN,100431.2325,19960,1,6295,4644,4266
2021-07-05 07:00:00+00:00,KALAMINT,4659.9579,262,1,160,159,0
2021-07-12 07:00:00+00:00,HEN,130149.0815,32175,1,8272,6271,5787
2021-07-12 07:00:00+00:00,KALAMINT,4764.826,196,1,135,108,0
2021-07-19 07:00:00+00:00,HEN,130148.6277,30109,1,8160,6776,6283
2021-07-19 07:00:00+00:00,KALAMINT,4793.505,152,1,100,100,0
2021-07-26 07:00:00+00:00,HEN,144350.1745,29512,1,8292,6827,6205
2021-07-26 07:00:00+00:00,KALAMINT,6655.3389,312,1,163,142,2
2021-08-02 07:00:00+00:00,HEN,173205.2684,31588,1,8272,6880,6169
2021-08-02 07:00:00+00:00,KALAMINT,8353.648,211,1,131,130,1
2021-08-09 07:00:00+00:00,HEN,339072.4197,56090,1,10971,9254,8171
2021-08-09 07:00:00+00:00,KALAMINT,15185.321,513,1,236,226,0
2021-08-16 07:00:00+00:00,HEN,544091.2159,60967,1,11921,11083,9195
2021-08-16 07:00:00+00:00,KALAMINT,9497.895,448,1,229,233,1
2021-08-23 07:00:00+00:00,HEN,1194747.91,100449,1,15748,14872,11817
2021-08-23 07:00:00+00:00,KALAMINT,21715.4412,1371,1,462,370,0
2021-08-30 07:00:00+00:00,HEN,894654.4167,113588,1,20780,17242,14406
2021-08-30 07:00:00+00:00,KALAMINT,19568.50743,1417,1,514,457,6
2021-09-06 07:00:00+00:00,HEN,649074.0986,260859,1,27642,19780,17028
2021-09-06 07:00:00+00:00,KALAMINT,11390.827,962,1,435,363,19
2021-09-13 07:00:00+00:00,HEN,734744.7303,159521,1,27779,22635,19006
2021-09-13 07:00:00+00:00,KALAMINT,18273.763,1607,1,602,474,21
2021-09-20 07:00:00+00:00,HEN,510341.8034,92223,1,22220,18708,15749
2021-09-20 07:00:00+00:00,KALAMINT,9365.945662,956,1,474,408,17
2021-09-27 07:00:00+00:00,HEN,556418.4901,84226,1,22474,18009,14925
2021-09-27 07:00:00+00:00,KALAMINT,10224.889,901,1,468,421,17
2021-10-04 07:00:00+00:00,HEN,457567.5157,74524,1,20680,16831,13657
2021-10-04 07:00:00+00:00,KALAMINT,7014.68,975,1,450,400,21
2021-10-11 07:00:00+00:00,HEN,428757.3944,79791,1,22077,17507,14397
2021-10-11 07:00:00+00:00,KALAMINT,8321.8819,821,1,392,359,9
2021-10-18 07:00:00+00:00,HEN,339154.2224,77545,1,21916,16800,13853
2021-10-18 07:00:00+00:00,KALAMINT,4220.1436,598,1,316,307,12
2021-10-25 07:00:00+00:00,HEN,347295.3866,86484,1,23188,17708,14638
2021-10-25 07:00:00+00:00,KALAMINT,3523.067,601,1,242,310,15
2021-11-01 07:00:00+00:00,FXHASH,0.4,4,1,4,1,1
2021-11-01 07:00:00+00:00,HEN,280549.2378,125430,1,28139,20744,17726
2021-11-01 07:00:00+00:00,KALAMINT,9533.50065,1077,1,339,315,9
2021-11-08 08:00:00+00:00,FXHASH,13537.49309,11806,1,1373,225,133
2021-11-08 08:00:00+00:00,HEN,259412.4096,83612,1,22333,17770,14616
2021-11-08 08:00:00+00:00,KALAMINT,6287.486,768,1,325,369,19
2021-11-08 08:00:00+00:00,OBJKT,17520.50123,3500,446,2540,744,677
2021-11-15 08:00:00+00:00,FXHASH,96283.84365,33997,1,4491,1821,1004
2021-11-15 08:00:00+00:00,HEN,218758.2771,57758,1,16339,14894,12369
2021-11-15 08:00:00+00:00,KALAMINT,5345.3872,747,1,364,385,20
2021-11-15 08:00:00+00:00,OBJKT,66954.37485,10512,830,6602,2174,1791
2021-11-22 08:00:00+00:00,FXHASH,127167.2078,34408,1,6176,2688,1692
2021-11-22 08:00:00+00:00,HEN,217223.1281,57508,1,15775,14228,11878
2021-11-22 08:00:00+00:00,KALAMINT,4442.3486,601,1,307,271,22
2021-11-22 08:00:00+00:00,OBJKT,55408.17832,9603,936,6596,2600,2028
2021-11-29 08:00:00+00:00,FXHASH,165253.1021,41813,1,5724,3450,1890
2021-11-29 08:00:00+00:00,HEN,178425.604,49835,1,14908,13501,11223
2021-11-29 08:00:00+00:00,KALAMINT,4155.034,489,1,242,246,12
2021-11-29 08:00:00+00:00,OBJKT,58011.64479,9308,1015,6384,2645,2110
2021-12-06 08:00:00+00:00,FXHASH,332253.8006,43511,1,7346,4428,2104
2021-12-06 08:00:00+00:00,HEN,197361.9712,50743,1,15369,13535,11335
2021-12-06 08:00:00+00:00,KALAMINT,7605.6265,780,1,338,363,12
2021-12-06 08:00:00+00:00,OBJKT,68986.36009,10143,1140,6850,2815,2283
2021-12-13 08:00:00+00:00,FXHASH,705673.2301,57960,1,8771,5920,2336
2021-12-13 08:00:00+00:00,HEN,212986.9125,50367,1,15774,13311,11058
2021-12-13 08:00:00+00:00,KALAMINT,4422.56099,496,1,254,214,6
2021-12-13 08:00:00+00:00,OBJKT,92884.83658,9211,1158,6560,2871,2346
2021-12-13 08:00:00+00:00,RARIBLE,590.575884,82,1,64,48,47
2021-12-20 08:00:00+00:00,FXHASH,383952.1144,55276,1,10237,6007,2569
2021-12-20 08:00:00+00:00,HEN,229071.811,62441,1,17250,13804,11194
2021-12-20 08:00:00+00:00,KALAMINT,6482.868,551,1,255,297,13
2021-12-20 08:00:00+00:00,OBJKT,74497.08854,9511,1215,6607,2952,2421
2021-12-20 08:00:00+00:00,RARIBLE,789.19969,160,1,128,89,87
2021-12-27 08:00:00+00:00,FXHASH,317065.1606,28373,1,6038,5215,2074
2021-12-27 08:00:00+00:00,HEN,227226.4513,64237,1,16733,14821,11941
2021-12-27 08:00:00+00:00,KALAMINT,3316.54745,376,1,198,198,14
2021-12-27 08:00:00+00:00,OBJKT,69456.91208,12067,1281,8080,3344,2659
2021-12-27 08:00:00+00:00,RARIBLE,2827.795518,240,1,187,131,124
2022-01-03 08:00:00+00:00,FXHASH,290104.4512,58082,1,11366,6280,2615
2022-01-03 08:00:00+00:00,HEN,215080.0952,58933,1,15782,14126,11385
2022-01-03 08:00:00+00:00,KALAMINT,10580.225,1073,1,331,268,17
2022-01-03 08:00:00+00:00,OBJKT,112222.9251,13661,1465,9439,3940,3119
2022-01-03 08:00:00+00:00,RARIBLE,3880.0509,218,1,172,116,112
2022-01-10 08:00:00+00:00,FXHASH,265009.3279,41747,1,10805,5684,2620
2022-01-10 08:00:00+00:00,HEN,159089.8722,45130,1,14213,12766,10431
2022-01-10 08:00:00+00:00,KALAMINT,6062.28,575,1,285,219,26
2022-01-10 08:00:00+00:00,OBJKT,119408.6793,15490,1582,10435,4188,3307
2022-01-10 08:00:00+00:00,RARIBLE,486.4504,207,1,146,120,104
2022-01-10 08:00:00+00:00,VERSUM,55727.076,6999,1,2762,1030,0
2022-01-17 08:00:00+00:00,FXHASH,183097.8745,24795,1,7279,4472,2273
2022-01-17 08:00:00+00:00,HEN,220271.4941,42662,1,13691,12315,9881
2022-01-17 08:00:00+00:00,KALAMINT,4591.6281,467,1,253,213,20
2022-01-17 08:00:00+00:00,OBJKT,122480.9471,13128,1642,9131,4157,3319
2022-01-17 08:00:00+00:00,RARIBLE,481.755922,146,1,104,93,86
2022-01-17 08:00:00+00:00,VERSUM,30508.6022,9117,1,4469,2169,0
2022-01-24 08:00:00+00:00,FXHASH,240347.7318,27740,1,8133,5482,2517
2022-01-24 08:00:00+00:00,HEN,213871.0549,53095,1,14679,13603,10667
2022-01-24 08:00:00+00:00,KALAMINT,5534.442,442,1,227,165,13
2022-01-24 08:00:00+00:00,OBJKT,144636.5247,14329,1819,10063,4777,3752
2022-01-24 08:00:00+00:00,RARIBLE,497.81,147,1,117,99,92
2022-01-24 08:00:00+00:00,VERSUM,32279.666,7358,1,3725,2004,0
2022-01-31 08:00:00+00:00,FXHASH,207308.0984,26755,1,8415,4369,2325
2022-01-31 08:00:00+00:00,HEN,178189.0858,51417,1,14848,12812,10411
2022-01-31 08:00:00+00:00,KALAMINT,3352.666,399,1,208,178,14
2022-01-31 08:00:00+00:00,OBJKT,112554.8752,16652,1801,10108,6678,3645
2022-01-31 08:00:00+00:00,RARIBLE,406.314,105,1,80,71,70
2022-01-31 08:00:00+00:00,VERSUM,40175.48,7088,1,3853,2039,0
2022-02-07 08:00:00+00:00,FXHASH,205651.4426,24349,1,7898,4171,2119
2022-02-07 08:00:00+00:00,HEN,120823.8351,43047,1,13769,11089,8986
2022-02-07 08:00:00+00:00,KALAMINT,2676.9,234,1,144,128,6
2022-02-07 08:00:00+00:00,OBJKT,116744.1902,16981,1765,9926,7183,2685
2022-02-07 08:00:00+00:00,RARIBLE,309.367,88,1,63,61,55
2022-02-07 08:00:00+00:00,VERSUM,26792.71427,4849,1,2742,1657,0
2022-02-14 08:00:00+00:00,8BIDOU,16.81,20,1,7,4,4
2022-02-14 08:00:00+00:00,FXHASH,100485.2503,15097,1,5144,3492,1996
2022-02-14 08:00:00+00:00,HEN,109671.2698,40198,1,12792,9961,7478
2022-02-14 08:00:00+00:00,KALAMINT,3178.18,249,1,147,137,3
2022-02-14 08:00:00+00:00,OBJKT,99443.95471,13141,1582,8447,5210,970
2022-02-14 08:00:00+00:00,RARIBLE,775.469,39,1,30,26,25
2022-02-14 08:00:00+00:00,VERSUM,13624.54389,3471,1,2048,1388,0
2022-02-21 08:00:00+00:00,8BIDOU,87.018,125,1,57,56,56
2022-02-21 08:00:00+00:00,FXHASH,111774.3149,13801,1,4929,2971,1641
2022-02-21 08:00:00+00:00,HEN,121936.0841,32109,1,10748,9456,6989
2022-02-21 08:00:00+00:00,KALAMINT,2639.54,226,1,119,119,4
2022-02-21 08:00:00+00:00,OBJKT,100270.0505,12221,1672,8567,4606,814
2022-02-21 08:00:00+00:00,RARIBLE,1414.79,96,1,68,52,19
2022-02-21 08:00:00+00:00,VERSUM,18038.4885,5818,1,2760,1176,0
2022-02-28 08:00:00+00:00,8BIDOU,33.2,29,1,21,24,24
2022-02-28 08:00:00+00:00,FXHASH,113669.1741,16227,1,4859,3010,1611
2022-02-28 08:00:00+00:00,HEN,92706.42062,30695,1,9956,8704,6404
2022-02-28 08:00:00+00:00,KALAMINT,2784.962,213,1,116,98,4
2022-02-28 08:00:00+00:00,OBJKT,82731.29582,12385,1611,8317,4156,548
2022-02-28 08:00:00+00:00,RARIBLE,406.577447,74,1,52,43,18
2022-02-28 08:00:00+00:00,VERSUM,13670.97449,4546,1,2231,1166,0
2022-03-07 08:00:00+00:00,8BIDOU,36.275,64,2,33,25,27
2022-03-07 08:00:00+00:00,FXHASH,111223.3509,22349,1,5745,3988,1988
2022-03-07 08:00:00+00:00,HEN,95681.14507,27962,1,9409,8300,6196
2022-03-07 08:00:00+00:00,KALAMINT,1253.977,145,1,91,84,2
2022-03-07 08:00:00+00:00,OBJKT,108426.9532,17037,1762,10151,5326,529
2022-03-07 08:00:00+00:00,RARIBLE,596.41,49,1,42,34,8
2022-03-07 08:00:00+00:00,VERSUM,8064.811797,2029,1,1189,923,0
2022-03-14 07:00:00+00:00,8BIDOU,610.16,580,2,138,108,107
2022-03-14 07:00:00+00:00,FXHASH,225008.0346,27041,1,5869,5228,2406
2022-03-14 07:00:00+00:00,HEN,136298.4995,28436,1,9279,8774,6104
2022-03-14 07:00:00+00:00,KALAMINT,2639.61,145,1,71,80,4
2022-03-14 07:00:00+00:00,OBJKT,128407.6534,13209,1710,9300,4787,500
2022-03-14 07:00:00+00:00,RARIBLE,947.369,45,1,37,36,11
2022-03-14 07:00:00+00:00,VERSUM,9702.246197,2132,1,1233,987,0
2022-03-21 07:00:00+00:00,8BIDOU,73407.86675,22957,2,4755,2916,2584
2022-03-21 07:00:00+00:00,FXHASH,139171.2977,14174,1,3346,4760,2400
2022-03-21 07:00:00+00:00,HEN,109331.9027,31150,1,9277,8507,5719
2022-03-21 07:00:00+00:00,KALAMINT,448.377,88,1,41,45,2
2022-03-21 07:00:00+00:00,OBJKT,107594.7668,13872,1808,9485,5073,488
2022-03-21 07:00:00+00:00,RARIBLE,143.76,49,1,40,37,8
2022-03-21 07:00:00+00:00,VERSUM,8213.36973,1713,1,1128,700,0
2022-03-28 07:00:00+00:00,8BIDOU,30600.39925,13194,2,3346,2431,2129
2022-03-28 07:00:00+00:00,FXHASH,105294.8307,13416,1,2761,3553,2020
2022-03-28 07:00:00+00:00,HEN,96559.73783,27634,1,8586,7800,5365
2022-03-28 07:00:00+00:00,KALAMINT,650.55,76,1,37,53,5
2022-03-28 07:00:00+00:00,OBJKT,85955.41659,13196,1800,9158,4535,363
2022-03-28 07:00:00+00:00,RARIBLE,243.203,47,1,39,42,12
2022-03-28 07:00:00+00:00,VERSUM,13642.4982,1430,1,952,686,0
2022-04-04 07:00:00+00:00,8BIDOU,4121.847593,7157,3,1432,965,910
2022-04-04 07:00:00+00:00,FXHASH,31621.69333,1543,1,566,1155,631
2022-04-04 07:00:00+00:00,HEN,63435.91065,24978,1,8172,6986,4801
2022-04-04 07:00:00+00:00,KALAMINT,310.4,34,1,25,26,2
2022-04-04 07:00:00+00:00,OBJKT,72644.50501,14023,1822,9975,4767,280
2022-04-04 07:00:00+00:00,RARIBLE,155.17884,63,1,35,34,9
2022-04-04 07:00:00+00:00,VERSUM,17511.01326,1500,1,1004,639,0
2022-04-11 07:00:00+00:00,8BIDOU,532.9233,486,1,141,199,191
2022-04-11 07:00:00+00:00,FXHASH,454173.3562,31830,2,5171,2817,1098
2022-04-11 07:00:00+00:00,HEN,82483.4506,22530,1,7918,7166,4166
2022-04-11 07:00:00+00:00,KALAMINT,224.2,35,1,26,26,3
2022-04-11 07:00:00+00:00,OBJKT,89223.26418,14264,2051,10117,5093,379
2022-04-11 07:00:00+00:00,RARIBLE,516.11,67,1,47,47,9
2022-04-11 07:00:00+00:00,VERSUM,10148.4162,1438,1,867,657,0
2022-04-18 07:00:00+00:00,8BIDOU,764.34209,420,1,135,176,156
2022-04-18 07:00:00+00:00,FXHASH,403742.6702,28827,2,9151,5473,1723
2022-04-18 07:00:00+00:00,HEN,69055.72814,17569,1,7147,5963,3075
2022-04-18 07:00:00+00:00,KALAMINT,511.78,63,1,37,47,6
2022-04-18 07:00:00+00:00,OBJKT,93875.33354,16692,2120,10808,5003,367
2022-04-18 07:00:00+00:00,RARIBLE,516.3669,44,1,38,33,8
2022-04-18 07:00:00+00:00,VERSUM,5754.766016,1113,1,713,493,0
2022-04-25 07:00:00+00:00,8BIDOU,1356.119254,1086,2,392,354,330
2022-04-25 07:00:00+00:00,FXHASH,164977.4836,20127,2,6619,3925,1353
2022-04-25 07:00:00+00:00,HEN,58576.57886,17128,1,6538,5879,3066
2022-04-25 07:00:00+00:00,KALAMINT,1113.01,47,1,34,37,6
2022-04-25 07:00:00+00:00,OBJKT,62042.1931,12835,2051,9173,4928,339
2022-04-25 07:00:00+00:00,RARIBLE,122.695,72,1,36,32,5
2022-04-25 07:00:00+00:00,VERSUM,5951.673416,1091,1,729,453,0
2022-05-02 07:00:00+00:00,8BIDOU,1430.058264,1331,3,511,371,361
2022-05-02 07:00:00+00:00,FXHASH,334769.252,23017,2,7458,4168,1334
2022-05-02 07:00:00+00:00,HEN,103086.7427,56680,1,12922,9070,5334
2022-05-02 07:00:00+00:00,KALAMINT,1233.99,73,1,29,40,3
2022-05-02 07:00:00+00:00,OBJKT,77026.17859,41750,2970,32793,8331,382
2022-05-02 07:00:00+00:00,RARIBLE,193.6306,173,1,138,66,7
2022-05-02 07:00:00+00:00,VERSUM,8973.5401,4693,1,2183,758,0
2022-05-09 07:00:00+00:00,8BIDOU,563.22213,383,3,179,195,184
2022-05-09 07:00:00+00:00,FXHASH,346537.6167,19702,2,6414,4275,1327
2022-05-09 07:00:00+00:00,HEN,120757.0391,23147,1,8045,7580,3948
2022-05-09 07:00:00+00:00,KALAMINT,828.685,59,1,25,35,2
2022-05-09 07:00:00+00:00,OBJKT,78285.28935,20436,2604,14346,7027,257
2022-05-09 07:00:00+00:00,RARIBLE,1330.27504,118,1,85,86,13
2022-05-09 07:00:00+00:00,VERSUM,16687.784,1779,1,1057,540,0
2022-05-16 07:00:00+00:00,8BIDOU,778.65676,303,3,137,125,118
2022-05-16 07:00:00+00:00,FXHASH,877232.195,37911,2,10612,9323,2135
2022-05-16 07:00:00+00:00,HEN,128030.9333,18487,1,6666,6391,2992
2022-05-16 07:00:00+00:00,KALAMINT,592.92,44,1,31,36,4
2022-05-16 07:00:00+00:00,OBJKT,111578.849,18447,2576,12774,6949,302
2022-05-16 07:00:00+00:00,RARIBLE,451.72,80,1,61,59,12
2022-05-16 07:00:00+00:00,VERSUM,13393.96712,1261,1,695,574,0
2022-05-23 07:00:00+00:00,8BIDOU,553.27633,236,3,94,118,112
2022-05-23 07:00:00+00:00,FXHASH,709816.6815,41756,2,11167,8119,2051
2022-05-23 07:00:00+00:00,HEN,218644.3227,19897,1,7305,6622,3259
2022-05-23 07:00:00+00:00,KALAMINT,1008.33,64,1,39,49,1
2022-05-23 07:00:00+00:00,OBJKT,131059.3039,20215,2713,14404,7130,294
2022-05-23 07:00:00+00:00,RARIBLE,1078.01404,97,1,70,60,11
2022-05-23 07:00:00+00:00,VERSUM,8758.299011,1111,1,632,457,0
2022-05-30 07:00:00+00:00,8BIDOU,761.86736,333,3,134,157,132
2022-05-30 07:00:00+00:00,FXHASH,579024.67,56562,2,11925,7429,1790
2022-05-30 07:00:00+00:00,HEN,181301.0534,19316,1,7121,7085,3348
2022-05-30 07:00:00+00:00,KALAMINT,841.17,67,1,44,54,5
2022-05-30 07:00:00+00:00,OBJKT,151528.581,21348,2935,14267,7556,327
2022-05-30 07:00:00+00:00,RARIBLE,871.999,140,1,106,86,12
2022-05-30 07:00:00+00:00,VERSUM,10217.86218,1452,1,876,607,0
2022-06-06 07:00:00+00:00,8BIDOU,1580.0034,301,3,116,151,122
2022-06-06 07:00:00+00:00,FXHASH,354153.3714,39151,2,10699,6073,1724
2022-06-06 07:00:00+00:00,HEN,125042.4319,18534,1,6760,6719,2974
2022-06-06 07:00:00+00:00,KALAMINT,384.445,37,1,29,31,2
2022-06-06 07:00:00+00:00,OBJKT,204777.2488,21185,2942,14836,7528,311
2022-06-06 07:00:00+00:00,RARIBLE,433.11,82,1,64,57,13
2022-06-06 07:00:00+00:00,VERSUM,34439.72739,1208,1,767,507,0
2022-06-13 07:00:00+00:00,8BIDOU,1308.41,148,3,92,72,67
2022-06-13 07:00:00+00:00,FXHASH,611082.778,30773,2,9242,5201,1582
2022-06-13 07:00:00+00:00,HEN,118299.2251,34580,1,10227,7036,3587
2022-06-13 07:00:00+00:00,KALAMINT,562.56,46,1,34,33,3
2022-06-13 07:00:00+00:00,OBJKT,165197.4319,39886,3241,28935,8718,263
2022-06-13 07:00:00+00:00,RARIBLE,332.3691,74,1,60,57,7
2022-06-13 07:00:00+00:00,TYPED,1541.72505,1352,1,265,176,169
2022-06-13 07:00:00+00:00,VERSUM,10168.55054,6416,1,3039,722,0
2022-06-20 07:00:00+00:00,8BIDOU,215.34766,81,3,50,47,44
2022-06-20 07:00:00+00:00,FXHASH,441560.3022,22030,2,7586,4426,1316
2022-06-20 07:00:00+00:00,HEN,105203.6812,14314,1,5969,5248,2542
2022-06-20 07:00:00+00:00,KALAMINT,183.57,28,1,19,21,3
2022-06-20 07:00:00+00:00,OBJKT,192880.2007,23924,2938,16599,7613,216
2022-06-20 07:00:00+00:00,RARIBLE,205.46,58,1,44,38,7
2022-06-20 07:00:00+00:00,TYPED,16621.75154,6576,1,1773,1308,1222
2022-06-20 07:00:00+00:00,VERSUM,7074.161607,1035,1,634,432,0
2022-06-27 07:00:00+00:00,8BIDOU,443.931,95,3,38,48,43
2022-06-27 07:00:00+00:00,FXHASH,252761.7142,18457,2,6179,3980,1247
2022-06-27 07:00:00+00:00,HEN,109608.3649,15139,1,5924,5500,2475
2022-06-27 07:00:00+00:00,KALAMINT,200.03,21,1,12,14,0
2022-06-27 07:00:00+00:00,OBJKT,215640.889,22142,3166,15260,7920,194
2022-06-27 07:00:00+00:00,RARIBLE,308.6899,50,1,44,42,6
2022-06-27 07:00:00+00:00,TYPED,2232.55352,1222,1,428,387,360
2022-06-27 07:00:00+00:00,VERSUM,13329.141,1124,1,658,478,0
2022-07-04 07:00:00+00:00,8BIDOU,109.792,82,2,42,39,39
2022-07-04 07:00:00+00:00,FXHASH,707155.2863,22423,2,7688,4605,1338
2022-07-04 07:00:00+00:00,HEN,99370.91537,13951,1,5298,5384,2449
2022-07-04 07:00:00+00:00,KALAMINT,481.98,46,1,21,19,2
2022-07-04 07:00:00+00:00,OBJKT,235253.4575,21886,3538,15197,8015,270
2022-07-04 07:00:00+00:00,RARIBLE,251.96,49,1,42,40,8
2022-07-04 07:00:00+00:00,TYPED,2663.83277,1242,1,492,369,319
2022-07-04 07:00:00+00:00,VERSUM,10144.6165,740,1,449,411,0
2022-07-11 07:00:00+00:00,8BIDOU,148.52,44,2,20,23,22
2022-07-11 07:00:00+00:00,FXHASH,1004866.528,28501,2,8625,5073,1343
2022-07-11 07:00:00+00:00,HEN,138409.4749,12334,1,5279,4739,2159
2022-07-11 07:00:00+00:00,KALAMINT,240.65,32,1,22,23,1
2022-07-11 07:00:00+00:00,OBJKT,175350.9698,23128,3134,15868,7396,189
2022-07-11 07:00:00+00:00,RARIBLE,3165.109,46,1,41,39,3
2022-07-11 07:00:00+00:00,TYPED,647.5701,492,1,222,205,178
2022-07-11 07:00:00+00:00,VERSUM,14751.7041,1249,1,755,374,0
2022-07-18 07:00:00+00:00,8BIDOU,57.61,42,3,30,27,27
2022-07-18 07:00:00+00:00,8SCRIBO,795.86,375,1,153,131,129
2022-07-18 07:00:00+00:00,FXHASH,359870.941,27129,2,8310,4719,1316
2022-07-18 07:00:00+00:00,HEN,129279.7294,17975,1,6454,5166,2000
2022-07-18 07:00:00+00:00,KALAMINT,3787.03,41,1,24,20,1
2022-07-18 07:00:00+00:00,OBJKT,245293.0602,43434,3700,25377,9314,171
2022-07-18 07:00:00+00:00,RARIBLE,569.78,70,1,58,51,1
2022-07-18 07:00:00+00:00,TYPED,409.73684,407,1,198,163,144
2022-07-18 07:00:00+00:00,VERSUM,31196.387,1255,1,864,473,0
2022-07-25 07:00:00+00:00,8BIDOU,58.49,28,3,18,17,17
2022-07-25 07:00:00+00:00,8SCRIBO,120.5262,107,1,58,37,36
2022-07-25 07:00:00+00:00,FXHASH,392380.1206,25062,2,7919,4580,1282
2022-07-25 07:00:00+00:00,HEN,165666.7278,21915,1,7077,5785,2257
2022-07-25 07:00:00+00:00,KALAMINT,295.05,55,1,25,40,1
2022-07-25 07:00:00+00:00,OBJKT,233121.227,33677,3971,22084,9956,195
2022-07-25 07:00:00+00:00,RARIBLE,617.33,73,1,60,51,9
2022-07-25 07:00:00+00:00,TYPED,287.0096,270,1,118,123,107
2022-07-25 07:00:00+00:00,VERSUM,8185.5227,963,1,538,438,0
2022-08-01 07:00:00+00:00,8BIDOU,186.37,35,3,23,27,21
2022-08-01 07:00:00+00:00,8SCRIBO,26.797,41,1,19,28,28
2022-08-01 07:00:00+00:00,FXHASH,333163.7374,21252,2,7505,4212,1200
2022-08-01 07:00:00+00:00,HEN,96498.02234,17798,1,6147,5209,2163
2022-08-01 07:00:00+00:00,KALAMINT,653.265,38,1,26,29,3
2022-08-01 07:00:00+00:00,OBJKT,174708.8858,30509,3930,20467,9561,208
2022-08-01 07:00:00+00:00,RARIBLE,107.62,35,1,31,28,6
2022-08-01 07:00:00+00:00,TYPED,179.3426,191,1,78,65,46
2022-08-01 07:00:00+00:00,VERSUM,13516.261,975,1,483,357,0
2022-08-08 07:00:00+00:00,8BIDOU,66.846,28,2,19,21,21
2022-08-08 07:00:00+00:00,8SCRIBO,7.5,9,1,9,8,8
2022-08-08 07:00:00+00:00,FXHASH,273892.389,21130,2,7057,3724,1164
2022-08-08 07:00:00+00:00,HEN,96224.36461,18904,1,5947,5651,2245
2022-08-08 07:00:00+00:00,KALAMINT,2512.9069,64,1,39,36,2
2022-08-08 07:00:00+00:00,OBJKT,217048.9576,29043,4046,19450,9788,204
2022-08-08 07:00:00+00:00,RARIBLE,1052.398,133,1,103,60,8
2022-08-08 07:00:00+00:00,TYPED,35.959,85,1,40,38,19
2022-08-08 07:00:00+00:00,VERSUM,11636.885,597,1,368,299,0
2022-08-15 07:00:00+00:00,8BIDOU,2569.9,147,3,64,59,43
2022-08-15 07:00:00+00:00,8SCRIBO,13.925,14,1,8,10,10
2022-08-15 07:00:00+00:00,FXHASH,226250.2921,16684,2,5942,3805,1196
2022-08-15 07:00:00+00:00,HEN,251546.6987,26360,1,7142,7550,2785
2022-08-15 07:00:00+00:00,KALAMINT,786.62,67,1,30,27,2
2022-08-15 07:00:00+00:00,OBJKT,267965.5016,42175,4634,28700,11941,213
2022-08-15 07:00:00+00:00,RARIBLE,490.618,198,1,137,85,13
2022-08-15 07:00:00+00:00,TYPED,148.8141,74,1,45,52,37
2022-08-15 07:00:00+00:00,VERSUM,16189.72931,745,1,471,353,0
2022-08-22 07:00:00+00:00,8BIDOU,2788.831157,135,3,47,69,60
2022-08-22 07:00:00+00:00,8SCRIBO,8.4,13,1,11,9,9
2022-08-22 07:00:00+00:00,FXHASH,359457.6047,15263,2,5246,3272,1093
2022-08-22 07:00:00+00:00,HEN,106459.674,24699,1,7808,6746,2744
2022-08-22 07:00:00+00:00,KALAMINT,872.5,65,1,30,36,1
2022-08-22 07:00:00+00:00,OBJKT,261883.1666,50131,4947,35224,13698,193
2022-08-22 07:00:00+00:00,RARIBLE,457.61,97,1,79,72,11
2022-08-22 07:00:00+00:00,TYPED,394.494,99,1,64,64,40
2022-08-22 07:00:00+00:00,VERSUM,6781.657,657,1,401,384,0
2022-08-29 07:00:00+00:00,8BIDOU,420.575,276,3,51,43,36
2022-08-29 07:00:00+00:00,8SCRIBO,7.08,4,1,4,4,4
2022-08-29 07:00:00+00:00,FXHASH,247098.1818,21219,2,6147,3667,1004
2022-08-29 07:00:00+00:00,HEN,102100.7189,16899,1,6136,5366,2236
2022-08-29 07:00:00+00:00,KALAMINT,268.77,24,1,15,14,1
2022-08-29 07:00:00+00:00,OBJKT,225620.0631,34849,4347,23229,10804,166
2022-08-29 07:00:00+00:00,RARIBLE,108.197,40,1,33,31,4
2022-08-29 07:00:00+00:00,TYPED,54.3352,105,1,57,48,30
2022-08-29 07:00:00+00:00,VERSUM,5361.196,545,1,358,329,0
2022-09-05 07:00:00+00:00,8BIDOU,1567.01,93,2,35,45,34
2022-09-05 07:00:00+00:00,8SCRIBO,27.405,26,1,17,19,19
2022-09-05 07:00:00+00:00,FXHASH,345941.0171,15101,2,5442,3227,995
2022-09-05 07:00:00+00:00,HEN,152637.7725,14196,1,5535,4832,1948
2022-09-05 07:00:00+00:00,KALAMINT,593.171,25,1,18,21,1
2022-09-05 07:00:00+00:00,OBJKT,365075.7391,37897,4396,24048,10901,155
2022-09-05 07:00:00+00:00,RARIBLE,228.4876,66,1,46,35,5
2022-09-05 07:00:00+00:00,TYPED,110.4009,64,1,35,34,16
2022-09-05 07:00:00+00:00,VERSUM,22936.49398,659,1,410,341,0
2022-09-12 07:00:00+00:00,8BIDOU,4138.97626,368,2,97,189,132
2022-09-12 07:00:00+00:00,8SCRIBO,4.9,4,1,4,4,4
2022-09-12 07:00:00+00:00,FXHASH,284887.7025,13825,2,5381,3104,986
2022-09-12 07:00:00+00:00,HEN,88804.07848,14312,1,5923,4581,1931
2022-09-12 07:00:00+00:00,KALAMINT,534.56,46,1,22,24,1
2022-09-12 07:00:00+00:00,OBJKT,280373.6852,39064,4382,25166,10811,124
2022-09-12 07:00:00+00:00,RARIBLE,154.706,65,1,44,37,3
2022-09-12 07:00:00+00:00,TYPED,71.129,66,1,48,31,13
2022-09-12 07:00:00+00:00,VERSUM,9731.66089,498,1,339,239,0
2022-09-19 07:00:00+00:00,8BIDOU,14702.20443,2948,3,809,840,491
2022-09-19 07:00:00+00:00,8SCRIBO,10.48,10,1,6,7,7
2022-09-19 07:00:00+00:00,FXHASH,251427.5649,13793,2,5252,2852,835
2022-09-19 07:00:00+00:00,HEN,60076.45277,10673,1,4616,3893,1652
2022-09-19 07:00:00+00:00,KALAMINT,237.116,25,1,19,16,1
2022-09-19 07:00:00+00:00,OBJKT,221921.1032,27714,3996,18735,9358,112
2022-09-19 07:00:00+00:00,RARIBLE,192.675,72,1,46,49,1
2022-09-19 07:00:00+00:00,TYPED,27.968,91,1,34,26,13
2022-09-19 07:00:00+00:00,VERSUM,3160.329,387,1,216,227,0
2022-09-26 07:00:00+00:00,8BIDOU,1733.48048,1132,3,431,362,213
2022-09-26 07:00:00+00:00,8SCRIBO,6.2,7,1,7,5,5
2022-09-26 07:00:00+00:00,FXHASH,136891.0406,11830,2,4424,2275,824
2022-09-26 07:00:00+00:00,HEN,133538.8295,37837,1,9231,5885,2840
2022-09-26 07:00:00+00:00,KALAMINT,365.92,54,1,28,21,1
2022-09-26 07:00:00+00:00,OBJKT,189743.1913,31269,3986,19718,9121,101
2022-09-26 07:00:00+00:00,RARIBLE,393.42,70,1,38,28,1
2022-09-26 07:00:00+00:00,TYPED,22.485,58,1,32,16,9
2022-09-26 07:00:00+00:00,VERSUM,3780.109,368,1,262,169,0
2022-10-03 07:00:00+00:00,8BIDOU,2249.83398,371,3,206,177,93
2022-10-03 07:00:00+00:00,8SCRIBO,2.7,4,1,2,3,3
2022-10-03 07:00:00+00:00,FXHASH,408039.428,11631,2,4510,2760,800
2022-10-03 07:00:00+00:00,HEN,139235.6206,14740,1,5946,4731,2107
2022-10-03 07:00:00+00:00,KALAMINT,375.801,34,1,13,16,0
2022-10-03 07:00:00+00:00,OBJKT,163766.7589,24741,3794,16104,8442,109
2022-10-03 07:00:00+00:00,RARIBLE,69.3915,12,1,12,12,2
2022-10-03 07:00:00+00:00,TYPED,89.901,51,1,37,32,15
2022-10-03 07:00:00+00:00,VERSUM,8411.735,284,1,170,178,0
2022-10-10 07:00:00+00:00,8BIDOU,674.41273,244,3,137,129,58
2022-10-10 07:00:00+00:00,8SCRIBO,2.05,4,1,3,3,3
2022-10-10 07:00:00+00:00,FXHASH,309840.7576,18389,2,6152,3351,821
2022-10-10 07:00:00+00:00,HEN,130436.6059,11470,1,4543,4185,2002
2022-10-10 07:00:00+00:00,KALAMINT,194.951,24,1,17,18,1
2022-10-10 07:00:00+00:00,OBJKT,139299.9145,23190,3606,14716,7786,77
2022-10-10 07:00:00+00:00,RARIBLE,110.4,9,1,8,8,1
2022-10-10 07:00:00+00:00,TYPED,122.063,35,1,32,25,10
2022-10-10 07:00:00+00:00,VERSUM,10424.451,1664,1,900,671,0
2022-10-17 07:00:00+00:00,8BIDOU,537.692441,157,3,80,83,36
2022-10-17 07:00:00+00:00,8SCRIBO,1.8,3,1,3,2,2
2022-10-17 07:00:00+00:00,FXHASH,216355.1155,15445,2,5089,2757,813
2022-10-17 07:00:00+00:00,HEN,105125.8994,10539,1,4585,3944,1858
2022-10-17 07:00:00+00:00,KALAMINT,29.3,8,1,8,8,1
2022-10-17 07:00:00+00:00,OBJKT,146779.6108,25399,3598,16365,8175,60
2022-10-17 07:00:00+00:00,RARIBLE,37.14,24,1,19,8,2
2022-10-17 07:00:00+00:00,TYPED,154.241,88,1,43,35,15
2022-10-17 07:00:00+00:00,VERSUM,10799.2648,1437,1,979,458,0
2022-10-24 07:00:00+00:00,8BIDOU,450.1662,163,3,107,106,66
2022-10-24 07:00:00+00:00,8SCRIBO,2.5,3,1,2,3,3
2022-10-24 07:00:00+00:00,FXHASH,171465.8955,16982,2,4949,3041,785
2022-10-24 07:00:00+00:00,HEN,75339.37924,11055,1,4484,3742,1694
2022-10-24 07:00:00+00:00,KALAMINT,67.16,28,1,13,12,0
2022-10-24 07:00:00+00:00,OBJKT,137121.9623,24153,3541,15755,8068,85
2022-10-24 07:00:00+00:00,RARIBLE,102.4,24,1,21,9,0
2022-10-24 07:00:00+00:00,TYPED,28.446,42,1,37,33,24
2022-10-24 07:00:00+00:00,VERSUM,5992.029742,734,1,542,375,0
2022-10-31 07:00:00+00:00,8BIDOU,549.044111,252,3,158,128,86
2022-10-31 07:00:00+00:00,8SCRIBO,12.8,8,1,6,8,8
2022-10-31 07:00:00+00:00,FXHASH,235740.3709,13450,2,5116,3565,847
2022-10-31 07:00:00+00:00,HEN,129468.2458,9334,1,4135,3480,1613
2022-10-31 07:00:00+00:00,KALAMINT,58.004,25,1,10,11,0
2022-10-31 07:00:00+00:00,OBJKT,142665.7289,24136,3386,15070,7601,53
2022-10-31 07:00:00+00:00,RARIBLE,104.84,96,1,48,13,1
2022-10-31 07:00:00+00:00,TYPED,117.7,79,1,62,46,38
2022-10-31 07:00:00+00:00,VERSUM,4536.741562,679,1,470,339,0
2022-11-07 08:00:00+00:00,8BIDOU,619.226544,261,3,165,128,83
2022-11-07 08:00:00+00:00,8SCRIBO,7.782,16,1,5,4,2
2022-11-07 08:00:00+00:00,FXHASH,486014.1701,18270,2,6031,4162,840
2022-11-07 08:00:00+00:00,HEN,113394.2268,22507,1,6534,4467,2042
2022-11-07 08:00:00+00:00,KALAMINT,274.602,21,1,11,14,0
2022-11-07 08:00:00+00:00,OBJKT,148122.7891,31005,3665,21086,8552,75
2022-11-07 08:00:00+00:00,RARIBLE,75.796,16,1,15,14,1
2022-11-07 08:00:00+00:00,TYPED,245.538,64,1,44,35,32
2022-11-07 08:00:00+00:00,VERSUM,6963.945444,648,1,389,329,0
2022-11-14 08:00:00+00:00,8BIDOU,524.277064,177,3,106,107,68
2022-11-14 08:00:00+00:00,8SCRIBO,4.25,4,1,4,4,3
2022-11-14 08:00:00+00:00,FXHASH,747663.1231,66033,2,13211,7356,1381
2022-11-14 08:00:00+00:00,HEN,131939.0285,14287,1,5445,4457,1930
2022-11-14 08:00:00+00:00,KALAMINT,212,10,1,4,4,0
2022-11-14 08:00:00+00:00,OBJKT,175595.6724,25737,3825,16566,8686,74
2022-11-14 08:00:00+00:00,RARIBLE,338.254,28,1,23,10,5
2022-11-14 08:00:00+00:00,TYPED,164.683952,194,1,77,55,36
2022-11-14 08:00:00+00:00,VERSUM,2937.39204,619,1,400,365,0
2022-11-21 08:00:00+00:00,8BIDOU,697.051332,151,3,90,83,47
2022-11-21 08:00:00+00:00,8SCRIBO,8.5,10,1,6,8,7
2022-11-21 08:00:00+00:00,FXHASH,528671.7774,22304,2,6421,5100,1191
2022-11-21 08:00:00+00:00,HEN,99963.71074,10653,1,3905,3749,1669
2022-11-21 08:00:00+00:00,KALAMINT,103.551,34,1,12,31,0
2022-11-21 08:00:00+00:00,OBJKT,136942.8811,25743,3615,16144,8385,88
2022-11-21 08:00:00+00:00,RARIBLE,48.779,16,1,15,12,3
2022-11-21 08:00:00+00:00,TYPED,250.213216,46,1,29,27,15
2022-11-21 08:00:00+00:00,VERSUM,5562.052696,531,1,396,348,0
2022-11-28 08:00:00+00:00,8BIDOU,1098.085032,153,3,75,76,40
2022-11-28 08:00:00+00:00,8SCRIBO,5.44,6,1,5,5,4
2022-11-28 08:00:00+00:00,FXHASH,302496.3734,19705,2,6283,4463,956
2022-11-28 08:00:00+00:00,HEN,61408.82618,7323,1,3369,3134,1486
2022-11-28 08:00:00+00:00,KALAMINT,505.724,23,1,10,15,0
2022-11-28 08:00:00+00:00,OBJKT,190104.564,26228,3667,16678,8477,80
2022-11-28 08:00:00+00:00,RARIBLE,187.45,14,1,12,9,4
2022-11-28 08:00:00+00:00,TYPED,49.867222,93,1,34,34,25
2022-11-28 08:00:00+00:00,VERSUM,4117.425456,475,1,327,282,0
2022-12-05 08:00:00+00:00,8BIDOU,407.102218,160,3,68,75,45
2022-12-05 08:00:00+00:00,8SCRIBO,77.3,16,1,15,12,10
2022-12-05 08:00:00+00:00,FXHASH,532401.1055,16068,2,6209,4621,887
2022-12-05 08:00:00+00:00,HEN,81143.70274,8148,1,3731,3261,1384
2022-12-05 08:00:00+00:00,KALAMINT,48.87,8,1,5,5,1
2022-12-05 08:00:00+00:00,OBJKT,164853.4494,23710,3506,15484,8278,52
2022-12-05 08:00:00+00:00,RARIBLE,163.129,18,1,17,16,2
2022-12-05 08:00:00+00:00,TYPED,146.413332,36,1,27,26,22
2022-12-05 08:00:00+00:00,VERSUM,4546.043,546,1,397,279,0
2022-12-12 08:00:00+00:00,8BIDOU,1768.6053,158,3,88,90,44
2022-12-12 08:00:00+00:00,8SCRIBO,20.3,8,1,8,7,6
2022-12-12 08:00:00+00:00,FXHASH,370367.659,15236,2,5368,4557,924
2022-12-12 08:00:00+00:00,HEN,59154.2608,8037,1,3389,3236,1390
2022-12-12 08:00:00+00:00,KALAMINT,53.1113,14,1,9,8,1
2022-12-12 08:00:00+00:00,OBJKT,168554.8946,26237,3518,16141,8279,70
2022-12-12 08:00:00+00:00,RARIBLE,1909.6,44,1,37,25,4
2022-12-12 08:00:00+00:00,TYPED,77.73494,51,1,34,26,18
2022-12-12 08:00:00+00:00,VERSUM,16801.48257,567,1,403,312,0
2022-12-19 08:00:00+00:00,8BIDOU,4169.119644,176,3,107,122,59
2022-12-19 08:00:00+00:00,8SCRIBO,12.6,6,1,6,6,4
2022-12-19 08:00:00+00:00,FXHASH,479378.9984,22088,2,7247,5230,1006
2022-12-19 08:00:00+00:00,HEN,85107.61116,8963,1,3616,3530,1332
2022-12-19 08:00:00+00:00,KALAMINT,112.22,12,1,8,5,0
2022-12-19 08:00:00+00:00,OBJKT,168218.9644,38227,3714,20671,9182,69
2022-12-19 08:00:00+00:00,RARIBLE,131.316,28,1,20,15,2
2022-12-19 08:00:00+00:00,TYPED,77.264,84,1,39,30,25
2022-12-19 08:00:00+00:00,VERSUM,7033.2889,504,1,367,302,0
2022-12-26 07:00:00+00:00,8BIDOU,120.322,33,2,17,24,12
2022-12-26 07:00:00+00:00,8SCRIBO,0.5,1,1,1,1,0
2022-12-26 07:00:00+00:00,FXHASH,82096.50961,3474,2,874,927,155
2022-12-26 07:00:00+00:00,HEN,13758.11883,1971,1,472,516,189
2022-12-26 07:00:00+00:00,KALAMINT,34.56,1,1,1,1,0
2022-12-26 07:00:00+00:00,OBJKT,25317.735,5777,974,2578,1325,5
2022-12-26 07:00:00+00:00,RARIBLE,6.2,2,1,2,2,0
2022-12-26 07:00:00+00:00,TYPED,3.15,8,1,5,4,2
2022-12-26 07:00:00+00:00,VERSUM,2256.284,66,1,48,41,0
2022-12-26 08:00:00+00:00,8BIDOU,989.5962,159,3,87,104,67
2022-12-26 08:00:00+00:00,8SCRIBO,6.75,6,1,5,4,3
2022-12-26 08:00:00+00:00,FXHASH,410852.3002,14007,2,4339,5002,831
2022-12-26 08:00:00+00:00,HEN,98691.44072,8523,1,3160,3020,1149
2022-12-26 08:00:00+00:00,KALAMINT,128.501,9,1,8,7,1
2022-12-26 08:00:00+00:00,OBJKT,167208.6907,28391,3588,16319,8257,56
2022-12-26 08:00:00+00:00,RARIBLE,237.105,22,1,15,13,2
2022-12-26 08:00:00+00:00,TYPED,50.01,45,1,35,27,18
2022-12-26 08:00:00+00:00,VERSUM,3911.736,464,1,323,260,0
2023-01-02 07:00:00+00:00,8BIDOU,6275.078481,377,3,233,157,60
2023-01-02 07:00:00+00:00,8SCRIBO,7.76,5,1,4,4,4
2023-01-02 07:00:00+00:00,FXHASH,593849.794,29288,2,8376,7628,1179
2023-01-02 07:00:00+00:00,HEN,156931.7609,14157,1,3960,4055,1565
2023-01-02 07:00:00+00:00,KALAMINT,35.72,5,1,5,5,1
2023-01-02 07:00:00+00:00,OBJKT,278626.6014,31138,4001,19080,10702,89
2023-01-02 07:00:00+00:00,RARIBLE,303.6,16,1,16,15,3
2023-01-02 07:00:00+00:00,TYPED,529.6035,88,1,38,47,34
2023-01-02 07:00:00+00:00,VERSUM,6087.74419,564,1,379,334,0
2023-01-09 07:00:00+00:00,8BIDOU,3133.58546,369,3,247,159,64
2023-01-09 07:00:00+00:00,8SCRIBO,20.175,8,1,7,6,4
2023-01-09 07:00:00+00:00,FXHASH,1053511.798,25656,2,8192,6669,1258
2023-01-09 07:00:00+00:00,HEN,121453.4954,13976,1,4512,4823,1638
2023-01-09 07:00:00+00:00,KALAMINT,101.9,9,1,7,7,0
2023-01-09 07:00:00+00:00,OBJKT,313118.6293,40480,4457,24542,12837,76
2023-01-09 07:00:00+00:00,RARIBLE,518.203,58,1,41,35,4
2023-01-09 07:00:00+00:00,TYPED,393.58585,70,1,39,34,21
2023-01-09 07:00:00+00:00,VERSUM,5591.19532,655,1,474,378,0
2023-01-16 07:00:00+00:00,8BIDOU,3024.63834,310,3,159,183,84
2023-01-16 07:00:00+00:00,8SCRIBO,21,12,1,5,5,4
2023-01-16 07:00:00+00:00,FXHASH,569950.3351,26585,2,8528,6265,1217
2023-01-16 07:00:00+00:00,HEN,99383.50982,10616,1,4222,4271,1565
2023-01-16 07:00:00+00:00,KALAMINT,233.377,15,1,9,13,0
2023-01-16 07:00:00+00:00,OBJKT,251605.9597,32793,4274,20985,11037,84
2023-01-16 07:00:00+00:00,RARIBLE,2379.33,98,1,47,30,1
2023-01-16 07:00:00+00:00,TYPED,74.4507,61,1,42,36,29
2023-01-16 07:00:00+00:00,VERSUM,4820.902203,1177,1,788,482,0
2023-01-23 07:00:00+00:00,8BIDOU,3541.09206,263,3,123,144,57
2023-01-23 07:00:00+00:00,8SCRIBO,7.5,5,1,3,3,3
2023-01-23 07:00:00+00:00,FXHASH,539417.7767,17479,2,6732,4580,929
2023-01-23 07:00:00+00:00,HEN,87787.23762,8406,1,3688,3697,1386
2023-01-23 07:00:00+00:00,KALAMINT,80.33,13,1,11,13,1
2023-01-23 07:00:00+00:00,OBJKT,282960.9099,31557,4019,19529,9898,65
2023-01-23 07:00:00+00:00,RARIBLE,3186.5695,112,1,50,38,2
2023-01-23 07:00:00+00:00,TYPED,336.93569,65,1,46,36,26
2023-01-23 07:00:00+00:00,VERSUM,6468.69168,892,1,587,464,0
2023-01-30 07:00:00+00:00,8BIDOU,1489.5948,227,3,113,147,93
2023-01-30 07:00:00+00:00,8SCRIBO,17.5,6,1,5,4,2
2023-01-30 07:00:00+00:00,FXHASH,251037.8053,17178,2,5941,3752,971
2023-01-30 07:00:00+00:00,HEN,80210.08072,8033,1,3685,3250,1241
2023-01-30 07:00:00+00:00,KALAMINT,378.69,16,1,10,11,2
2023-01-30 07:00:00+00:00,OBJKT,300808.4085,30088,4182,19621,9892,56
2023-01-30 07:00:00+00:00,RARIBLE,337.0601,36,1,33,29,5
2023-01-30 07:00:00+00:00,TYPED,70.617004,79,1,44,44,35
2023-01-30 07:00:00+00:00,VERSUM,2510.3272,519,1,357,295,0
2023-02-06 07:00:00+00:00,8BIDOU,1001.793547,125,3,73,74,43
2023-02-06 07:00:00+00:00,8SCRIBO,13.5,3,1,3,3,0
2023-02-06 07:00:00+00:00,FXHASH,250363.201,13063,2,5044,2937,820
2023-02-06 07:00:00+00:00,HEN,62369.55996,9233,1,3890,2753,1021
2023-02-06 07:00:00+00:00,KALAMINT,14.65,5,1,2,4,0
2023-02-06 07:00:00+00:00,OBJKT,182360.7619,32114,3802,20646,8945,45
2023-02-06 07:00:00+00:00,RARIBLE,113.88,44,1,38,30,3
2023-02-06 07:00:00+00:00,TYPED,181.885814,63,1,36,36,18
2023-02-06 07:00:00+00:00,VERSUM,30741.2527,855,1,649,325,0
2023-02-13 07:00:00+00:00,8BIDOU,925.6891,73,3,49,50,11
2023-02-13 07:00:00+00:00,8SCRIBO,3.132,8,1,5,8,8
2023-02-13 07:00:00+00:00,FXHASH,258304.4072,12236,2,4847,2730,793
2023-02-13 07:00:00+00:00,HEN,71497.89694,6899,1,3124,2548,929
2023-02-13 07:00:00+00:00,KALAMINT,180.5,7,1,5,7,0
2023-02-13 07:00:00+00:00,OBJKT,191474.0802,32232,4080,20998,9658,42
2023-02-13 07:00:00+00:00,RARIBLE,301.32,32,1,21,19,1
2023-02-13 07:00:00+00:00,TYPED,97.25722,32,1,21,21,6
2023-02-13 07:00:00+00:00,VERSUM,6240.5041,679,1,500,236,0
2023-02-20 07:00:00+00:00,8BIDOU,181.579444,61,3,44,44,11
2023-02-20 07:00:00+00:00,8SCRIBO,0.5,1,1,1,1,1
2023-02-20 07:00:00+00:00,FXHASH,222682.3812,10886,2,4381,2556,754
2023-02-20 07:00:00+00:00,HEN,41043.45503,4788,1,2297,2354,913
2023-02-20 07:00:00+00:00,KALAMINT,235,10,1,6,8,0
2023-02-20 07:00:00+00:00,OBJKT,152511.0869,30548,3982,17643,8803,38
2023-02-20 07:00:00+00:00,RARIBLE,183.575,632,1,218,42,0
2023-02-20 07:00:00+00:00,TYPED,147.71,28,1,20,23,9
2023-02-20 07:00:00+00:00,VERSUM,3341.1813,290,1,240,212,0
2023-02-27 07:00:00+00:00,8BIDOU,277.706544,41,2,34,33,13
2023-02-27 07:00:00+00:00,8SCRIBO,11.7,5,1,4,4,2
2023-02-27 07:00:00+00:00,FXHASH,144435.3282,8826,2,3582,2067,652
2023-02-27 07:00:00+00:00,HEN,48563.00779,4564,1,2326,2211,927
2023-02-27 07:00:00+00:00,KALAMINT,325,12,1,6,6,0
2023-02-27 07:00:00+00:00,OBJKT,160809.1623,23921,3895,15607,8392,34
2023-02-27 07:00:00+00:00,RARIBLE,87.99,96,1,59,24,0
2023-02-27 07:00:00+00:00,TYPED,19.715844,34,1,12,11,5
2023-02-27 07:00:00+00:00,VERSUM,3221.6204,430,1,323,224,0
2023-03-06 07:00:00+00:00,8BIDOU,434.341,49,2,23,33,11
2023-03-06 07:00:00+00:00,8SCRIBO,4.7,4,1,4,4,4
2023-03-06 07:00:00+00:00,FXHASH,122200.736,7498,2,3085,1892,633
2023-03-06 07:00:00+00:00,HEN,52639.6869,4193,1,2263,2116,801
2023-03-06 07:00:00+00:00,KALAMINT,27.88,8,1,7,7,0
2023-03-06 07:00:00+00:00,OBJKT,186248.214,24288,3813,15782,8704,40
2023-03-06 07:00:00+00:00,RARIBLE,93.788,26,1,22,22,1
2023-03-06 07:00:00+00:00,TYPED,23.17,13,1,13,11,5
2023-03-06 07:00:00+00:00,VERSUM,2268.138899,262,1,189,170,0
2023-03-13 07:00:00+00:00,8BIDOU,130.602,37,3,30,31,12
2023-03-13 07:00:00+00:00,8SCRIBO,9.2,9,1,8,6,5
2023-03-13 07:00:00+00:00,FXHASH,247814.8272,6391,3,2669,1550,511
2023-03-13 07:00:00+00:00,HEN,36834.17374,4278,1,2059,2211,870
2023-03-13 07:00:00+00:00,KALAMINT,19.854444,9,1,5,9,1
2023-03-13 07:00:00+00:00,OBJKT,129698.7509,28178,3674,14978,8265,61
2023-03-13 07:00:00+00:00,RARIBLE,397.549,33,1,20,18,1
2023-03-13 07:00:00+00:00,TYPED,63.442222,25,1,7,21,1
2023-03-13 07:00:00+00:00,VERSUM,3946.5997,331,1,215,197,0
2023-03-20 07:00:00+00:00,8BIDOU,143.85044,35,3,32,24,4
2023-03-20 07:00:00+00:00,8SCRIBO,6,4,1,4,4,2
2023-03-20 07:00:00+00:00,FXHASH,130198.1182,7465,3,3493,1606,659
2023-03-20 07:00:00+00:00,HEN,34175.70126,3873,1,1976,1928,765
2023-03-20 07:00:00+00:00,KALAMINT,67,7,1,5,5,0
2023-03-20 07:00:00+00:00,OBJKT,98493.49813,20397,3394,13266,7238,34
2023-03-20 07:00:00+00:00,RARIBLE,33.656,12,1,11,10,0
2023-03-20 07:00:00+00:00,TYPED,25.286772,54,1,13,12,3
2023-03-20 07:00:00+00:00,VERSUM,1905.2944,289,1,210,161,0
2023-03-27 07:00:00+00:00,8BIDOU,133.011,32,2,23,27,4
2023-03-27 07:00:00+00:00,8SCRIBO,0.7,1,1,1,1,1
2023-03-27 07:00:00+00:00,FXHASH,102717.2734,6208,3,2707,1473,690
2023-03-27 07:00:00+00:00,HEN,54650.72297,4395,1,1946,1976,827
2023-03-27 07:00:00+00:00,KALAMINT,102.68,13,1,8,11,1
2023-03-27 07:00:00+00:00,OBJKT,126518.0415,21018,3462,13288,7403,36
2023-03-27 07:00:00+00:00,RARIBLE,353.558,28,1,21,17,0
2023-03-27 07:00:00+00:00,TYPED,343.591888,204,1,43,20,1
2023-03-27 07:00:00+00:00,VERSUM,1578.32199,196,1,147,149,0
2023-04-03 07:00:00+00:00,8BIDOU,165.839,28,3,21,23,9
2023-04-03 07:00:00+00:00,FXHASH,84644.34032,6445,3,3004,1658,623
2023-04-03 07:00:00+00:00,HEN,35590.97326,3760,1,1916,1866,786
2023-04-03 07:00:00+00:00,KALAMINT,124.47,13,1,7,8,2
2023-04-03 07:00:00+00:00,OBJKT,104915.5652,17915,3288,12064,6849,42
2023-04-03 07:00:00+00:00,RARIBLE,204.8,14,1,12,11,0
2023-04-03 07:00:00+00:00,TYPED,47.4,16,1,13,15,2
2023-04-03 07:00:00+00:00,VERSUM,1458.03809,229,1,161,155,0
2023-04-10 07:00:00+00:00,8BIDOU,127.53,31,3,22,22,4
2023-04-10 07:00:00+00:00,8SCRIBO,0.3,1,1,1,1,1
2023-04-10 07:00:00+00:00,FXHASH,327429.6399,7428,3,3184,1780,664
2023-04-10 07:00:00+00:00,HEN,26209.14904,3895,1,1970,1960,813
2023-04-10 07:00:00+00:00,KALAMINT,132.4,23,1,12,13,0
2023-04-10 07:00:00+00:00,OBJKT,98234.28295,15379,3197,11060,6557,36
2023-04-10 07:00:00+00:00,RARIBLE,29.499,14,1,13,14,0
2023-04-10 07:00:00+00:00,TYPED,17.38,8,1,6,6,2
2023-04-10 07:00:00+00:00,VERSUM,1122.406889,203,1,150,136,0
2023-04-17 07:00:00+00:00,8BIDOU,86.187,79,3,23,46,15
2023-04-17 07:00:00+00:00,8SCRIBO,3,2,1,1,1,0
2023-04-17 07:00:00+00:00,FXHASH,208593.2591,6482,3,2839,1673,633
2023-04-17 07:00:00+00:00,HEN,26395.87567,3709,1,1890,1803,731
2023-04-17 07:00:00+00:00,KALAMINT,45.6,7,1,5,5,0
2023-04-17 07:00:00+00:00,OBJKT,86111.09126,17513,3244,12318,6785,34
2023-04-17 07:00:00+00:00,RARIBLE,74.289,33,1,31,23,0
2023-04-17 07:00:00+00:00,TYPED,24.549444,17,1,13,12,3
2023-04-17 07:00:00+00:00,VERSUM,1855.1997,283,1,212,162,0
2023-04-24 07:00:00+00:00,8BIDOU,350.952,47,2,28,27,4
2023-04-24 07:00:00+00:00,8SCRIBO,4.5,3,1,3,3,0
2023-04-24 07:00:00+00:00,FXHASH,125650.2615,4131,3,2045,1436,586
2023-04-24 07:00:00+00:00,HEN,31952.23035,4285,1,2095,1976,828
2023-04-24 07:00:00+00:00,KALAMINT,166.378889,11,1,5,5,1
2023-04-24 07:00:00+00:00,OBJKT,112948.885,20236,3662,14319,7687,25
2023-04-24 07:00:00+00:00,RARIBLE,42.4,10,1,9,9,0
2023-04-24 07:00:00+00:00,TYPED,51.121,27,1,16,17,8
2023-04-24 07:00:00+00:00,VERSUM,2209.95335,286,1,221,192,0
2023-05-01 07:00:00+00:00,8BIDOU,1336.934904,59,3,32,29,9
2023-05-01 07:00:00+00:00,8SCRIBO,2.2,3,1,3,3,3
2023-05-01 07:00:00+00:00,FXHASH,106351.4785,3633,3,1787,1351,556
2023-05-01 07:00:00+00:00,HEN,43074.66267,4437,1,2028,1984,775
2023-05-01 07:00:00+00:00,KALAMINT,168.1788,11,1,11,11,0
2023-05-01 07:00:00+00:00,OBJKT,125738.6161,20359,3821,14184,8027,37
2023-05-01 07:00:00+00:00,RARIBLE,79.23588,43,1,30,18,0
2023-05-01 07:00:00+00:00,TYPED,145.813,67,1,24,18,3
2023-05-01 07:00:00+00:00,VERSUM,1475.688111,237,1,170,166,0
2023-05-08 07:00:00+00:00,8BIDOU,249.268888,69,3,41,40,13
2023-05-08 07:00:00+00:00,8SCRIBO,10,4,1,4,4,4
2023-05-08 07:00:00+00:00,FXHASH,86523.93859,4650,3,2150,1510,607
2023-05-08 07:00:00+00:00,HEN,33093.91717,5783,1,2346,2497,1071
2023-05-08 07:00:00+00:00,KALAMINT,152.72,13,1,11,11,0
2023-05-08 07:00:00+00:00,OBJKT,188011.9304,23712,4466,17166,9069,37
2023-05-08 07:00:00+00:00,RARIBLE,75.95076,46,1,30,20,0
2023-05-08 07:00:00+00:00,TYPED,49.206648,19,1,14,14,4
2023-05-08 07:00:00+00:00,VERSUM,1493.97897,308,1,215,213,0
2023-05-15 07:00:00+00:00,8BIDOU,0.51,2,1,2,2,1
2023-05-15 07:00:00+00:00,FXHASH,2014.577,189,3,97,93,42
2023-05-15 07:00:00+00:00,HEN,1540.913058,320,1,139,164,77
2023-05-15 07:00:00+00:00,KALAMINT,9,1,1,1,1,0
2023-05-15 07:00:00+00:00,OBJKT,5673.627138,1148,524,747,553,1
2023-05-15 07:00:00+00:00,RARIBLE,0.9,2,1,1,1,0
2023-05-15 07:00:00+00:00,TYPED,1,10,1,1,1,1
2023-05-15 07:00:00+00:00,VERSUM,27.568888,11,1,8,10,0